Id,Name,RatingDist1,RatingDist4,RatingDistTotal,PublishMonth,PublishDay,Publisher,CountsOfReview,PublishYear,Language,Authors,Rating,RatingDist2,RatingDist5,ISBN,RatingDist3,Genre,PublicationYear
552987,"A War of Gifts (Ender’s Saga, #1.1)",1:234,4:5233,total:14822,12,11,Tor Books,842,2013,eng,Orson Scott Card,3.67,2:1207,5:3179,0765312824,3:4969,Fiction,2007
1530799,Don't Bump the Glump! and Other Fantasies,1:17,4:427,total:1297,18,2,HarperCollins,185,2014,eng,Shel Silverstein,3.88,2:103,5:425,0061493384,3:325,Juvenile Nonfiction,2008
64179,"The Bride Stripped Bare (Bride Trilogy, #1)",1:555,4:1320,total:5288,28,8,Harper Perennial,418,2012,eng,Nikki Gemmell,3.13,2:1013,5:749,0060591889,3:1651,Fiction,2005
106547,"The Dangerous Lord (Lord Trilogy, #3)",1:33,4:1268,total:3145,31,5,Avon,104,2011,eng,Sabrina Jeffries,4.0,2:96,5:1020,0380809273,3:728,Fiction,2011
1220467,Satranç,1:349,4:24953,total:64893,30,6,Can Yayınları,303,2014,tur,Stefan Zweig,4.29,2:1203,5:30413,9755103554,3:7975,Alman romanı,
1351141,Plataforma,1:393,4:6688,total:16432,30,11,Anagrama,101,2013,,Michel Houellebecq,3.8,2:1120,5:4219,8433967665,3:4012,Fiction,
138442,"Found: The Best Lost, Tossed, and Forgotten Items from Around the World",1:27,4:631,total:1846,1,5,Fireside,141,2012,en-US,Davy Rothbart,4.01,2:103,5:699,0743251148,3:386,,2004
3587238,Banquet For the Damned,1:44,4:371,total:1082,3,9,Virgin Books,105,2010,eng,Adam Nevill,3.58,2:124,5:232,0753513587,3:311,Fiction,2008
38434,Post Office,1:1368,4:39233,total:94013,29,7,Ecco,198,2014,eng,Charles Bukowski,3.99,2:4313,5:30576,0061177571,3:18523,,2007
1362815,"Touched by Angels (Angels Everywhere, #3)",1:17,4:573,total:1783,25,10,Avon,112,2011,eng,Debbie Macomber,4.2,2:53,5:825,0061083445,3:315,,
157687,Maldoror and the Complete Works,1:49,4:842,total:3081,30,4,Exact Change,108,2010,eng,Comte de Lautréamont,4.28,2:111,5:1654,187897212X,3:425,Poetry,1994
2458340,Ape House,1:813,4:9973,total:27636,9,7,Bond Street Books,3447,2010,eng,Sara Gruen,3.49,2:3150,5:4131,0385664443,3:9569,,2010
7772,Dr. Seuss's Sleep Book,1:151,4:2523,total:9847,24,7,New York: Random House,353,2012,eng,Dr. Seuss,4.17,2:418,5:4866,0394800915,3:1889,,
1738852,എന്റെ കഥ | Ente Katha,1:359,4:1673,total:5114,1,3,,118,2010,mal,Kamala Suraiyya Das,3.71,2:390,5:1535,8171300596,3:1157,"Authors, Malayalam",2008
2495562,"The Wise Man's Fear  (The Kingkiller Chronicle, #2)",1:2876,4:97374,total:419195,3,6,Gollancz,488,2012,eng,Patrick Rothfuss,4.5600000000000005,2:6548,5:285348,0575081422,3:27049,Attempted assasination,2011
30029,Tales of Mystery and Madness,1:19,4:853,total:2483,30,8,Atheneum,140,2011,eng,Edgar Allan Poe,4.34,2:46,5:1274,0689848374,3:291,,
288188,"Shameless (Banning Sisters, #3)",1:42,4:737,total:1782,1,12,Pocket Books,132,2010,en-US,Karen Robards,3.81,2:113,5:448,0743410610,3:442,,
938087,"The Kingmaking (Pendragon's Banner Trilogy, #1)",1:61,4:585,total:1625,26,9,Silverwood books UK,113,2011,en-GB,Helen Hollick,3.87,2:105,5:527,190623664X,3:347,,
296384,The Endless Steppe: Growing Up in Siberia,1:112,4:1998,total:5082,12,6,HarperCollins,429,2018,eng,Esther Hautzig,3.98,2:214,5:1718,006440577X,3:1040,Juvenile Fiction,
3321252,The Psychopath Test,1:2498,4:49635,total:122153,1,5,Picador,478,2012,eng,Jon Ronson,3.94,2:5744,5:37801,0330492276,3:26475,Humor,2012
2143109,Bottomless Belly Button,1:106,4:1643,total:5307,4,3,Fantagraphics,252,2018,eng,Dash Shaw,4.0,2:340,5:2115,1560979151,3:1103,,
1895844,Cats' Night Out,1:4,4:221,total:585,3,23,Simon & Schuster/Paula Wiseman Books,106,2010,eng,Caroline Stutson,3.71,2:51,5:126,1416940057,3:183,,2010
72996,The Thurber Carnival,1:22,4:1080,total:2894,19,11,Harper Perennial Modern Classics,135,2013,,James Thurber,4.23,2:82,5:1303,0060932872,3:407,Fiction,1999
223797,Love and Logic Magic for Early Childhood,1:49,4:1969,total:5365,1,1,Love & Logic Press,881,2010,,Jim Fay,4.12,2:206,5:2180,1930429002,3:961,Child rearing,2000
25402,The Ringmaster's Daughter,1:110,4:1610,total:4607,27,3,Phoenix,134,2012,,Jostein Gaarder,3.75,2:378,5:1230,0753817004,3:1279,Fiction,2003
1307156,To Hell with All That: Loving and Loathing Our Inner Housewife,1:30,4:188,total:652,1,5,Little Brown and Company,158,2011,,Caitlin Flanagan,3.24,2:129,5:78,0316736872,3:227,Social Science,2006
4030991,Shoe Dog,1:1760,4:40095,total:148067,4,26,Scribner,616,2016,eng,Phil Knight,4.48,2:2495,5:92671,,3:11046,,
219766,"The Red Church (Sheriff Frank Littlefield, #1)",1:124,4:727,total:2388,5,1,Smashwords Edition,180,2010,eng,Scott Nicholson,3.46,2:312,5:463,0786015039,3:762,Appalachian Region,
142465,Flash for Freedom (The Flashman Papers #3),1:10,4:1685,total:4166,16,7,HarperCollins Publishers Ltd,134,2015,eng,George MacDonald Fraser,4.2,2:66,5:1695,0006511279,3:710,,1999
4632388,Abroad,1:52,4:397,total:1237,6,17,Sarah Crichton Books,156,2014,,Katie Crouch,3.38,2:158,5:166,0374100365,3:464,Fiction,2014
648194,Hissy Fit,1:310,4:8230,total:21818,10,7,Harper Paperbacks,1215,2012,eng,Mary Kay Andrews,3.96,2:988,5:7113,0060564652,3:5177,,2005
3240700,أن تكون عباس العبد,1:365,4:751,total:2887,2,4,الكرمة للنشر,493,2014,ara,أحمد العايدي,3.13,2:508,5:429,,3:834,,
111044,Stop Pretending: What Happened When My Big Sister Went Crazy,1:81,4:1512,total:4699,12,7,HarperTeen,503,2016,eng,Sonya Sones,3.9,2:327,5:1606,0064462188,3:1173,,2001
1456757,The Pregnant Widow,1:236,4:686,total:2595,4,2,Jonathan Cape,248,2010,en-GB,Martin Amis,3.09,2:511,5:264,0224076124,3:898,,2010
3239487,Yummy: The Last Days of a Southside Shorty,1:216,4:2153,total:6272,7,31,Lee & Low Books,939,2010,eng,G. Neri,3.98,2:318,5:2366,1584302674,3:1219,Juvenile Nonfiction,2010
44184,Monster,1:1710,4:19893,total:58109,5,3,Amistad,5398,2019,eng,Walter Dean Myers,3.72,2:5054,5:15147,0064407314,3:16305,,2001
62901,"Sharpe's Trafalgar (Sharpe, #4)",1:24,4:4213,total:10007,23,10,Harper Paperbacks,234,2012,eng,Bernard Cornwell,4.08,2:252,5:3464,0061098620,3:2054,,2002
289870,The Hobbit (Middle-Earth Universe),1:57098,4:817712,total:2760663,18,9,Houghton Mifflin Harcourt,587,2012,eng,J.R.R. Tolkien,4.27,2:91339,5:1449407,,3:345107,,
47624,"Lirael (Abhorsen, #2)",1:946,4:35377,total:102178,30,12,Eos,1967,2015,en-US,Garth Nix,4.29,2:2260,5:50253,0060590165,3:13342,,2004
4703553,"The Cold Commands (A Land Fit for Heroes, #2)",1:86,4:3459,total:8055,10,13,Gollancz,375,2011,eng,Richard K. Morgan,3.95,2:378,5:2375,057507793X,3:1757,Exiles,2011
1100375,Lost on a Mountain in Maine,1:41,4:572,total:1578,23,12,HarperCollins,174,2013,en-US,Donn Fendler,3.87,2:88,5:488,068811573X,3:389,,1992
731804,Pinkalicious,1:560,4:4829,total:19204,5,1,HarperCollins,817,2016,eng,Victoria Kann,4.06,2:1214,5:8967,0060776390,3:3634,Juvenile Fiction,
214967,The Web That Has No Weaver: Understanding Chinese Medicine,1:13,4:598,total:1649,29,11,RosettaBooks,103,2010,,Ted Kaptchuk,4.21,2:48,5:735,0809228408,3:255,Health & Fitness,2000
859744,The Wheels on the Bus,1:18,4:448,total:1791,15,9,Dutton Books for Young Readers,101,2015,en-US,Paul O. Zelinsky,4.22,2:72,5:924,0525446443,3:329,Juvenile Fiction,
262437,"Dingoes at Dinnertime (Magic Tree House, #20)",1:142,4:1910,total:6990,15,6,Random House for Young Readers,195,2010,en-US,Mary Pope Osborne,3.9,2:449,5:2565,0679890661,3:1924,,
2590136,"Barracoon: The Story of the Last ""Black Cargo""",1:154,4:7697,total:18236,5,8,HarperCollins Publishers,2071,2018,eng,Zora Neale Hurston,4.05,2:580,5:6168,0060921706,3:3637,Fiction,1976
1144682,My Place,1:114,4:1877,total:4938,1,4,Fremantle Arts Center Press,194,2010,eng,Sally Morgan,3.9,2:257,5:1536,0949206318,3:1154,Biography & Autobiography,2010
142886,"Riding Lessons (Riding Lessons, #1)",1:429,4:3049,total:10193,1,11,William Morrow Paperbacks,1029,2016,,Sara Gruen,3.44,2:1384,5:1843,0061241083,3:3488,Fiction,
1108019,"A Season of Angels (Angels Everywhere, #1)",1:248,4:1302,total:4614,28,6,Avon,211,2011,eng,Debbie Macomber,3.93,2:269,5:1875,0061081841,3:920,,2011
143724,The Pirates! In an Adventure with Communists,1:13,4:577,total:1423,20,1,Pantheon,107,2010,eng,Gideon Defoe,4.08,2:40,5:515,0375423974,3:278,,2006
126630,The Eighth Day,1:29,4:443,total:1303,28,11,Harper Perennial Modern Classics,112,2017,eng,Thornton Wilder,3.98,2:76,5:485,0060088915,3:270,,
85865,Hogg,1:137,4:184,total:762,29,11,Constable and Robinson,108,2012,eng,Samuel R. Delany,3.14,2:106,5:153,,3:182,,
186344,With Malice Toward None: A Biography of Abraham Lincoln,1:101,4:2254,total:6913,8,2,Harper Perennial,197,2011,eng,Stephen B. Oates,4.23,2:220,5:3338,0060924713,3:1000,Biography & Autobiography,2009
77711,"A Fire Upon the Deep (Zones of Thought, #1)",1:793,4:17664,total:49624,31,8,Tor Science Fiction,1986,2010,eng,Vernor Vinge,4.14,2:2070,5:21188,0812515285,3:7909,,
714711,You Can Win: A Step by Step Tool for Top Achievers,1:435,4:5217,total:15232,1,1,New Dawn Press(IL),473,2010,,Shiv Khera,3.89,2:997,5:5086,1904910033,3:3497,Attitude (Psychology),2004
3609763,The Twilight Saga: The Official Illustrated Guide,1:740,4:6262,total:31208,4,12,"Little, Brown Young Readers",862,2011,eng,Stephenie Meyer,4.25,2:1431,5:17903,0316043125,3:4872,,2011
53492,Heartbeat,1:156,4:3337,total:9401,26,12,HarperCollins,933,2012,eng,Sharon Creech,3.93,2:595,5:3154,0060540249,3:2159,,2005
3409425,Local,1:80,4:1490,total:3932,9,10,Oni Press,270,2013,eng,Brian Wood,3.99,2:199,5:1380,193496400X,3:783,,2008
766860,"I Spit on Your Graves (Vernon Sullivan, #1)",1:382,4:2834,total:8051,31,10,Tamtam Books,140,2013,eng,Boris Vian,3.6,2:774,5:1782,096623460X,3:2279,African Americans,1998
89546,"Henry and the Paper Route (Henry, #4)",1:38,4:1983,total:5716,18,3,HarperCollins,127,2014,eng,Beverly Cleary,4.0,2:181,5:1987,,3:1527,,
262436,"Christmas in Camelot (Magic Tree House, #29)",1:179,4:2440,total:8663,15,6,Random House for Young Readers,288,2010,eng,Mary Pope Osborne,4.03,2:505,5:3657,037581373X,3:1882,,2001
107159,Batman: Gotham by Gaslight (Elseworlds),1:132,4:3538,total:10694,12,3,DC Comics,322,2013,eng,Brian Augustyn,3.9,2:642,5:3470,1401211534,3:2912,,
53343,On Writing Well: The Classic Guide to Writing Nonfiction,1:114,4:7591,total:20985,5,4,Harper Perennial,1407,2016,eng,William Zinsser,4.26,2:504,5:9789,0060891548,3:2987,Reference,2006
3292046,"Passion Play (River of Souls, #1)",1:48,4:231,total:754,4,24,Tor Books,126,2012,eng,Beth Bernobich,3.42,2:109,5:147,0765361981,3:219,,2012
96125,So You Want to Be President?,1:191,4:2774,total:8339,19,8,Philomel Books,881,2012,eng,Judith St. George,3.96,2:464,5:3036,0399243178,3:1874,,
2914988,The Love of My Life,1:122,4:1450,total:4295,3,6,Bookouture,249,2015,eng,Louise Douglas,3.74,2:356,5:1168,,3:1199,,
146109,"Red Rackham's Treasure (Tintin, #12)",1:54,4:4601,total:13087,1,6,Egmont,194,2012,eng,Hergé,4.26,2:253,5:6153,1405206233,3:2026,Adventure,
2035785,Winter Journey,1:52,4:1181,total:3047,1,24,4th Estate,167,2017,eng,Diane Armstrong,4.05,2:119,5:1128,0732276950,3:567,Fiction,
879613,The Drowned World,1:607,4:4479,total:13503,10,4,Fourth Estate,102,2014,eng,J.G. Ballard,3.48,2:1683,5:2439,0007221835,3:4295,Cities,2006
128996,"The Comet's Curse (Galahad, #1)",1:25,4:302,total:949,2,3,Tor Teen,134,2010,,Dom Testa,3.72,2:88,5:259,,3:275,,
8833,Inconceivable,1:106,4:1583,total:4434,26,5,Delta,114,2010,,Ben Elton,3.5700000000000003,2:445,5:793,0385334656,3:1507,,
1466455,Three Wishes,1:998,4:42985,total:101463,24,6,Harper Paperbacks,5238,2014,eng,Liane Moriarty,3.78,2:4978,5:21661,0060586133,3:30841,,
79428,The Abolition of Man,1:395,4:7321,total:21574,7,4,HarperOne,1077,2015,eng,C.S. Lewis,4.09,2:916,5:8938,0060652942,3:4004,Religion,2001
38500,Women,1:1702,4:22600,total:60606,29,7,Ecco,2110,2014,eng,Charles Bukowski,3.85,2:4235,5:18390,0061177598,3:13679,Fiction,
23289,The Dead,1:303,4:4835,total:15273,17,5,Melville House Publishing,613,2011,eng,James Joyce,4.05,2:872,5:6344,,3:2919,,
815394,Parasite Rex: Inside the Bizarre World of Nature's Most Dangerous Creatures,1:68,4:1659,total:4682,9,11,Atria Books,352,2014,en-US,Carl Zimmer,4.19,2:156,5:2113,074320011X,3:686,,2001
161402,Three Lives,1:330,4:771,total:3326,17,3,Dover Publications,209,2011,,Gertrude Stein,3.1,2:671,5:454,0486280594,3:1100,Fiction,1994
213347,The Living,1:87,4:964,total:2701,12,11,Harper Perennial,309,2013,en-US,Annie Dillard,3.84,2:207,5:846,006092411X,3:597,Fiction,
857418,The Carrot Seed,1:168,4:4170,total:14572,26,5,HarperFestival,484,2020,,Ruth Krauss,4.08,2:738,5:6310,0694004928,3:3186,,
229778,Scorpions,1:79,4:719,total:2298,23,4,Amistad,353,2013,eng,Walter Dean Myers,3.81,2:176,5:736,0064406237,3:588,,
2125922,The Mousetrap: A Play,1:18,4:1272,total:3150,4,29,Samuel French Trade,125,2010,en-US,Agatha Christie,3.95,2:140,5:949,0573619239,3:771,,
118028,The Left Hand of Darkness  (Hainish Cycle #4),1:1640,4:41599,total:111713,1,12,Ace,435,2010,eng,Ursula K. Le Guin,4.07,2:5223,5:43218,0441478123,3:20033,Fiction,1987
2776789,"The Passage (The Passage, #1)",1:4721,4:68372,total:186478,8,1,Orion Books,216,2010,eng,Justin Cronin,4.04,2:10072,5:72124,0752897853,3:31189,,2010
588369,A Place Called Here,1:1027,4:9722,total:30327,1,3,HarperCollins,1119,2012,eng,Cecelia Ahern,3.67,2:3008,5:7836,0007198914,3:8734,Brothers,2007
28597,Prometheus Rising,1:66,4:1798,total:5664,1,9,New Falcon Publications,305,2010,eng,Robert Anton Wilson,4.26,2:200,5:2828,1561840564,3:772,"Body, Mind & Spirit",2003
3149123,"Something Borrowed (Darcy & Rachel, #1)",1:18234,4:171787,total:505082,3,29,St. Martin's Press,101,2011,en-US,Emily Giffin,3.85,2:33027,5:164273,031299317X,3:117761,,
14142,The Art of Loving,1:1217,4:15862,total:47932,6,8,Harper Perennial Modern Classics,1337,2019,eng,Erich Fromm,4.04,2:2487,5:19395,0061129739,3:8971,,
863005,The Yellow Wallpaper,1:1068,4:30051,total:81441,22,1,Virago,102,2013,eng,Charlotte Perkins Gilman,4.12,2:3141,5:33106,0860682013,3:14075,Fiction,
30128,"Lafcadio, the Lion Who Shot Back",1:67,4:1936,total:6232,24,9,HarperCollins,311,2013,eng,Shel Silverstein,4.15,2:271,5:2825,0060256753,3:1133,Juvenile Fiction,
1641683,Falling for Romeo,1:118,4:580,total:2041,1,5,Grove Creek Publishing,126,2011,en-GB,Jennifer Laurens,3.48,2:243,5:438,1933963948,3:662,Juvenile Fiction,
40312,The Rocky Road to Romance (Elsie Hawkins #4),1:190,4:2965,total:10387,29,11,Harper,317,2011,eng,Janet Evanovich,3.68,2:990,5:2711,0060598891,3:3531,Fiction,
24155,Judy Moody Declares Independence (Judy Moody #6),1:69,4:1121,total:4252,26,1,Candlewick,135,2010,eng,Megan McDonald,4.09,2:221,5:1927,076362800X,3:914,,
774001,"Amelia Bedelia  (Amelia Bedelia, #1)",1:1545,4:21759,total:82120,26,12,Greenwillow Books,949,2012,eng,Peggy Parish,4.17,2:3454,5:40288,0064441555,3:15074,Juvenile Fiction,1992
206731,The Tibetan Book of Living and Dying,1:335,4:7315,total:23331,25,2,HarperOne,465,2020,eng,Sogyal Rinpoche,4.22,2:829,5:11288,0062508342,3:3564,,1994
97864,Monday or Tuesday,1:71,4:736,total:2174,2,11,Dover Publications,168,2011,eng,Virginia Woolf,3.62,2:228,5:488,0486294536,3:651,Fiction,1997
763656,The Problem of Pain,1:1185,4:15615,total:45268,28,4,HarperOne,131,2015,en-US,C.S. Lewis,4.1,2:1828,5:19113,,3:7527,,
674220,"Again the Magic (Wallflowers, #0.5)",1:531,4:11302,total:31011,26,5,Avon,1276,2015,eng,Lisa Kleypas,4.05,2:1290,5:11787,0380811081,3:6101,Fiction,
2921431,"E. Aster Bunnymund and the Warrior Eggs at the Earth's Core! (The Guardians, #2)",1:11,4:1362,total:3289,2,21,Laura Geringer Book,309,2012,eng,William Joyce,4.17,2:64,5:1278,0060508329,3:574,Juvenile Fiction,
89551,"Ramona and Her Mother (Ramona Quimby, #5)",1:215,4:8060,total:23187,19,3,HarperCollins,466,2013,eng,Beverly Cleary,4.1,2:710,5:9271,,3:4931,,
116590,"The Wizard of Oz and Other Narcissists: Coping with the One-Way Relationship in Work, Love, and Family",1:12,4:474,total:1347,23,4,Julian Day Publications,120,2010,eng,Eleanor D. Payson,4.13,2:58,5:566,0972072837,3:237,Religion,2002
2181460,An Old-fashioned Romance,1:10,4:434,total:1409,2,29,Distractions Ink,125,2012,en-US,Marcia Lynn McClure,4.06,2:69,5:577,0985280700,3:319,Biography & Autobiography,
5359,The Client,1:3051,4:149110,total:378641,16,3,Delta,1999,2010,eng,John Grisham,4.01,2:13670,5:125856,0385339089,3:86954,Fiction,2005
278227,How We Survived Communism and Even Laughed,1:21,4:1174,total:2763,7,6,Harper Perennial,180,2016,eng,Slavenka Drakulić,4.08,2:102,5:975,0060975407,3:491,,1993
1131592,"Extremis (John Rain, #5)",1:48,4:2892,total:7203,5,2,Barry Eisler,113,2013,,Barry Eisler,4.27,2:125,5:3231,,3:907,,
114168,"Worth Any Price (Bow Street Runners, #3)",1:139,4:6527,total:16467,26,5,Avon,572,2015,eng,Lisa Kleypas,4.02,2:659,5:5632,0380811073,3:3510,,
97860,Tuesday,1:493,4:6961,total:24289,27,9,Clarion Books,2042,2011,eng,David Wiesner,4.18,2:1082,5:11836,0395870828,3:3917,Juvenile Fiction,1991
1085771,"The Walking Dead, Vol. 7: The Calm Before",1:80,4:7503,total:20468,25,7,Image Comics,617,2017,eng,Robert Kirkman,4.26,2:372,5:9453,1582408289,3:3060,Dystopias,
535754,"Reforming a Rake (With This Ring, #1)",1:60,4:1364,total:3516,29,7,Avon,135,2014,,Suzanne Enoch,3.91,2:182,5:1067,0380809168,3:843,,2000
3724526,Darcy's Passions: Pride and Prejudice Retold Through His Eyes,1:82,4:455,total:1541,4,13,CreateSpace Independent Publishing Platform,162,2017,eng,Regina Jeffers,3.6,2:165,5:399,,3:440,,
561613,The Glass Castle,1:10930,4:300012,total:867702,1,9,Virago Press (UK),203,2010,eng,Jeannette Walls,4.27,2:23990,5:425667,1844081826,3:107103,,
767680,If You Give a Mouse a Cookie (If You Give...),1:4340,4:59720,total:243700,6,10,HarperCollins,3841,2015,eng,Laura Joffe Numeroff,4.26,2:9488,5:132544,0060245867,3:37608,,
8745,Desert Flower,1:105,4:6940,total:18162,15,3,William Morrow Paperbacks,747,2011,eng,Waris Dirie,4.16,2:569,5:7473,0688172377,3:3075,,
109961,Damage,1:145,4:1399,total:4009,10,8,Open Road Media Integrated Media,355,2010,eng,Josephine Hart,3.68,2:376,5:996,,3:1093,,
3084415,The Alchemist's Secret (Ben Hope #1),1:130,4:3075,total:8097,7,21,Avon,314,2011,en-GB,Scott Mariani,3.95,2:412,5:2657,1847563406,3:1823,Elixir of life,
1392018,Watch for the Light: Readings for Advent and Christmas,1:14,4:496,total:1285,22,9,Plough Publishing House,146,2014,eng,Thomas Aquinas,4.12,2:45,5:510,087486917X,3:220,,
3047848,"Heartless (Pretty Little Liars, #7)",1:483,4:12131,total:38480,1,19,Harper Teen,1139,2010,eng,Sara Shepard,4.07,2:1863,5:15867,0061566152,3:8136,Juvenile Fiction,
141679,"The Betrayal (Abram's Daughters, #2)",1:38,4:3062,total:8328,1,2,Bethany House Publishers,287,2013,eng,Beverly Lewis,4.22,2:174,5:3680,0764223313,3:1374,Fiction,
3013700,First Sight,1:335,4:1522,total:5685,7,16,Delacorte Press,435,2013,,Danielle Steel,3.63,2:673,5:1696,0385338309,3:1459,Fiction,
1583121,A Wizard of Mars,1:24,4:1073,total:2904,12,4,Harcourt,140,2010,eng,Diane Duane,4.12,2:95,5:1163,0152047700,3:549,,2010
8852,Macbeth,1:13271,4:224217,total:641361,1,7,Simon  Schuster,7945,2013,eng,William Shakespeare,3.9,2:41837,5:210574,0743477103,3:151462,,
945210,A Lion to Guard Us,1:43,4:605,total:1722,23,10,HarperCollins,160,2018,eng,Clyde Robert Bulla,3.75,2:112,5:445,0064403335,3:517,,1989
247368,Affair,1:53,4:2215,total:5944,28,4,Bantam Books,164,2010,eng,Amanda Quick,3.87,2:280,5:1670,0553574078,3:1726,,
785247,Suddenly,1:51,4:1258,total:3371,23,2,Avon,168,2010,,Barbara Delinsky,3.85,2:177,5:948,0061042005,3:937,,
2931120,Gray,1:43,4:597,total:2143,2,19,MTV Books,275,2013,eng,Pete Wentz,4.13,2:119,5:1013,1416567828,3:371,Fiction,2013
295651,"Under the Jolly Roger: Being an Account of the Further Nautical Adventures of Jacky Faber (Bloody Jack, #3)",1:52,4:3570,total:10251,18,10,HMH Books for Young Readers,502,2010,,L.A. Meyer,4.32,2:182,5:5129,0152058737,3:1318,Adventure stories,
2878252,The Trouble with Kings,1:42,4:896,total:2300,3,10,Book View Cafe,174,2015,eng,Sherwood Smith,3.82,2:161,5:612,,3:589,,
589278,He: Understanding Masculine Psychology,1:39,4:730,total:2206,24,3,Harper Perennial,121,2020,,Robert A. Johnson,4.05,2:111,5:885,0060963964,3:441,,2009
243353,"The Coroner's Lunch (Dr. Siri Paiboun, #1)",1:132,4:5358,total:11565,7,4,Soho Crime,1335,2015,eng,Colin Cotterill,3.98,2:392,5:3287,1569474184,3:2396,,
149150,Giant,1:23,4:995,total:2517,23,4,Harper Perennial Modern Classics,233,2019,eng,Edna Ferber,4.0,2:107,5:840,0060956704,3:552,Fiction,
1047154,Heal Your Headache,1:28,4:334,total:1015,15,1,Workman Publishing Company,136,2019,eng,David Buchholz,3.88,2:83,5:348,0761125663,3:222,Health & Fitness,
99245,Nightfall,1:272,4:11333,total:29879,27,1,Bantam Books,666,2012,eng,Isaac Asimov,4.05,2:1185,5:10831,0553290991,3:6258,,
80213,Anthills of the Savannah,1:72,4:1286,total:3398,29,1,Penguin,132,2012,eng,Chinua Achebe,3.83,2:236,5:963,,3:841,,
564758,Lost at Sea,1:217,4:4462,total:12633,24,7,Oni Press,1031,2012,eng,Bryan Lee O'Malley,3.73,2:1066,5:3107,1932664165,3:3781,Young Adult Fiction,
2495398,The Coral Thief,1:84,4:516,total:1760,3,1,George Weidenfeld & Nicholson,230,2010,,Rebecca Stott,3.21,2:303,5:163,0297851373,3:694,Anatomists,
2662689,The Secrets of Married Women,1:134,4:2135,total:6072,1,31,,120,2012,eng,Carol Mason,3.89,2:386,5:1962,,3:1455,,
724667,The Gods Themselves,1:409,4:19751,total:51003,4,5,Bantam/Spectra,151,2011,eng,Isaac Asimov,4.09,2:1731,5:19287,0553288105,3:9825,,
231862,"Pétalos al viento (Dollanganger, #2)",1:1179,4:17203,total:52373,20,10,Debolsillo,195,2015,spa,V.C. Andrews,3.82,2:4038,5:16196,,3:13757,,
1852624,The Devil's Company (Benjamin Weaver #3),1:30,4:1522,total:3205,1,8,Random House (NY),256,2010,eng,David Liss,3.95,2:96,5:843,1400064198,3:714,Fiction,
40532,Reading the Bible Again for the First Time: Taking the Bible Seriously but Not Literally,1:85,4:1097,total:3198,7,4,HarperOne,191,2015,en-US,Marcus J. Borg,4.14,2:102,5:1405,0060609192,3:509,,
296444,Turnabout,1:152,4:2393,total:6647,27,3,Simon Pulse,393,2012,,Margaret Peterson Haddix,3.73,2:536,5:1636,141693653X,3:1930,Young Adult Fiction,2007
3722183,"A God in Ruins (Todd Family, #2)",1:1161,4:18825,total:48176,5,5,"Little, Brown and Company",5097,2015,eng,Kate Atkinson,3.94,2:2752,5:15731,0316176532,3:9707,Fiction,
25401,Maya,1:138,4:1477,total:4515,10,5,Phoenix,138,2011,eng,Jostein Gaarder,3.6,2:508,5:1009,0753811464,3:1383,,2001
19542,Where the Wild Things Are,1:20882,4:198657,total:779084,26,12,HarperCollins,486,2012,eng,Maurice Sendak,4.22,2:34152,5:413267,0060254920,3:112126,,
62659,Profit Over People: Neoliberalism and Global Order,1:78,4:2083,total:5458,6,9,Seven Stories Press,213,2011,eng,Noam Chomsky,4.06,2:213,5:2028,1888363827,3:1056,Political Science,1998
593236,Runny Babbit: A Billy Sook,1:151,4:2380,total:8378,6,1,HarperCollins,621,2015,,Shel Silverstein,4.12,2:431,5:3851,0060256532,3:1565,,
870741,Where the Wild Things Are,1:21294,4:201120,total:790136,26,12,HarperCollins,172,2012,eng,Maurice Sendak,4.22,2:34580,5:419732,0064431789,3:113410,,
2177370,Tony and Susan,1:582,4:2134,total:7699,8,11,Warner Books,559,2011,,Austin Wright,3.16,2:1416,5:830,0446601055,3:2737,Fiction,1994
147915,"A Storm of Swords: Blood and Gold (A Song of Ice and Fire, #3: Part 2 of 2)",1:459,4:20781,total:77454,1,9,HarperVoyager,1561,2011,eng,George R.R. Martin,4.55,2:782,5:50504,0007119550,3:4928,,
1622930,The Music Lesson: A Spiritual Search for Growth Through Music,1:69,4:1044,total:3652,1,10,Hal Leonard Publishing Corporation,295,2015,en-US,Victor L. Wooten,4.16,2:181,5:1762,0425220931,3:596,,
99111,"The World of Winnie-the-Pooh (Winnie-the-Pooh, #1-2)",1:484,4:11077,total:44942,14,10,Dutton Books for Young Readers,438,2010,eng,A.A. Milne,4.43,2:948,5:27601,0525444475,3:4832,Juvenile Fiction,
6334,Never Let Me Go,1:11759,4:160754,total:439282,31,8,Vintage Books,23284,2010,eng,Kazuo Ishiguro,3.82,2:33892,5:128591,1400078776,3:104286,Fiction,
28202,The Metaphysical Club,1:54,4:1611,total:4198,1,2,HarperCollins Publishers,350,2010,eng,Louis Menand,4.07,2:177,5:1590,0007126905,3:766,,2002
207802,"Ida B. . . and Her Plans to Maximize Fun, Avoid Disaster, and (Possibly) Save the World",1:526,4:7306,total:22383,29,3,Greenwillow Books,1731,2011,eng,Katherine Hannigan,3.87,2:1563,5:7419,0060730269,3:5569,Juvenile Fiction,
824062,God's Smuggler,1:420,4:8725,total:31084,5,4,Chosen Books,726,2012,eng,Brother Andrew,4.36,2:708,5:17517,0800793013,3:3714,,2001
64341,The Metamorphosis of Prime Intellect,1:35,4:728,total:1935,19,11,Lulu.com,180,2010,eng,Roger    Williams,4.16,2:84,5:839,1411602196,3:249,Fiction,
774626,The Two Princesses of Bamarre,1:946,4:21945,total:66277,24,4,HarperCollins,103,2012,eng,Gail Carson Levine,4.04,2:3068,5:26016,006440966X,3:14302,Juvenile Fiction,
116052,Under Gemini,1:26,4:873,total:2424,1,3,HarperCollins Publishers,105,2010,,Rosamunde Pilcher,3.79,2:138,5:618,0006177980,3:769,,1989
11137,Mere Christianity,1:6526,4:73140,total:278345,21,4,HarperOne,680,2015,eng,C.S. Lewis,4.33,2:8788,5:158929,0060652926,3:30962,,2001
142262,The Inspector General,1:140,4:4093,total:11143,24,11,Dover Publications,120,2011,,Nikolai Gogol,3.98,2:555,5:3845,0486285006,3:2510,,
865963,"A Wrinkle in Time (A Wrinkle in Time Quintet, #1)",1:32998,4:320705,total:1027807,7,12,Square Fish,113,2012,eng,Madeleine L'Engle,4.0,2:61634,5:416776,0312367554,3:195694,,2007
153496,Leo Africanus,1:56,4:4397,total:10562,26,6,Ivan R. Dee Publisher,256,2012,eng,Amin Maalouf,4.19,2:268,5:4284,1561310220,3:1557,Africa,
243206,Stranger in My Arms,1:190,4:3699,total:10045,22,2,Avon,464,2011,eng,Lisa Kleypas,3.77,2:741,5:2596,038078145X,3:2819,Fiction,
721591,"The Xibalba Murders (Lara McClintoch Archeological Mystery, #1)",1:32,4:337,total:1038,4,2,Bev Editions,104,2013,eng,Lyn Hamilton,3.46,2:113,5:157,0991679865,3:399,,2013
259693,Stuck in Neutral,1:327,4:3528,total:10525,24,7,HarperTeen,1200,2012,eng,Terry Trueman,3.84,2:765,5:3388,0064472132,3:2517,,
139836,Teaching with Love and Logic: Taking Control of the Classroom,1:34,4:1019,total:2704,1,1,Love & Logic Press,187,2010,,Jim Fay,4.11,2:99,5:1071,0944634486,3:481,Education,
26088,Superman: Secret Identity,1:74,4:2052,total:6662,9,4,DC Comics,309,2013,eng,Kurt Busiek,4.24,2:206,5:3290,1401204511,3:1040,"Comic books, strips, etc",2013
3711152,"Naked Edge (I-Team, #4)",1:83,4:2941,total:7775,3,2,Berkley Sensation,441,2010,eng,Pamela Clare,4.18,2:261,5:3339,0425219763,3:1151,,
138398,"The Walking Dead, Vol. 1: Days Gone Bye",1:5152,4:56378,total:200531,19,2,Image Comics,3590,2013,eng,Robert Kirkman,4.27,2:6555,5:107509,1582406723,3:24937,,
106861,Hulk: Gray,1:29,4:803,total:2090,29,6,Marvel,134,2011,eng,Jeph Loeb,3.77,2:133,5:499,0785113460,3:626,,2011
536837,"Undercover in High Heels (High Heels, #3)",1:65,4:2480,total:6412,25,10,Gemma Halliday,211,2010,eng,Gemma Halliday,3.91,2:306,5:1894,,3:1667,,
4309574,Picture This: The Near-Sighted Monkey Book,1:14,4:460,total:1603,11,9,Drawn and Quarterly,149,2010,eng,Lynda Barry,4.29,2:57,5:843,1897299648,3:229,Comics & Graphic Novels,
